Domain,Status,Attractiveness,Demand,Length,Sectors,Created,Expires,Registrar
one.engineering,available,132,43%,3,"Business,General,Media,Technology",,,
brief.engineering,available,124,19%,5,"Business,Education,General,Law",,,
second.engineering,available,120,23%,6,"General,Mathematics",,,
complete.engineering,available,120,21%,8,"Manufacturing,Retail,Technology",,,
equal.engineering,available,116,19%,5,"Education,General,Law",,,
tenth.engineering,available,116,7%,5,Mathematics,,,
flat.engineering,available,116,23%,4,"Construction,Real Estate",,,
tonic.engineering,available,114,22%,5,"Health and Fitness,Medicine,Science",,,
hotshot.engineering,available,112,14%,7,"Business,Entertainment,Sports",,,
zero.engineering,resell,112,49%,4,Mathematics,25/07/2024 17:00,25/07/2026 17:00,"Sav.com, LLC - 36"
above.engineering,available,112,22%,5,Business,,,
abiding.engineering,available,106,5%,7,"General,Religion",,,
teen.engineering,available,104,14%,4,"Education,Entertainment,Healthcare",,,
active.engineering,resell,104,27%,6,"Health and Fitness,Sports,Travel",22/02/2025 17:00,22/02/2026 17:00,Dynadot Inc
captive.engineering,available,102,14%,7,"Entertainment,Hospitality,Technology",,,
absent.engineering,available,102,8%,6,"Business,Education,Technology",,,
eight.engineering,available,102,23%,5,"General,Mathematics",,,
remove.engineering,available,100,13%,6,"Construction,Manufacturing,Technology",,,
abrupt.engineering,available,100,3%,6,"Medicine,Science",,,
whiz.engineering,available,100,12%,4,"Business,Education,Technology",,,
sixth.engineering,available,100,8%,5,Mathematics,,,
ninth.engineering,available,100,9%,5,Mathematics,,,
crack.engineering,available,100,20%,5,Sports,,,
third.engineering,available,100,15%,5,Mathematics,,,
eighth.engineering,available,100,6%,6,Mathematics,,,
adjunct.engineering,available,100,5%,7,Education,,,
whizz.engineering,available,98,11%,5,"Business,Education,Technology",,,
alamode.engineering,available,96,12%,9,Fashion,,,
academic.engineering,available,96,20%,8,"Education,Humanities,Science",,,
actual.engineering,available,96,22%,6,"Real Estate,Retail,Technology",,,
doable.engineering,available,96,9%,6,"Business,Education,Technology",,,
forgiving.engineering,available,96,3%,9,"Healthcare,Religion",,,
around.engineering,available,94,22%,6,"Business,General,Media,Technology",,,
adequate.engineering,available,94,9%,8,"Education,Healthcare,Technology",,,
about.engineering,available,94,28%,5,"Business,General,Media,Technology",,,
abject.engineering,available,94,7%,6,Humanities,,,
adjective.engineering,available,92,5%,9,Education,,,
next.engineering,available,92,43%,4,"Retail,Technology,Transportation",,,
neutral.engineering,available,92,20%,7,"Business,Media,Politics",,,
twentieth.engineering,available,92,3%,9,Mathematics,,,
abroad.engineering,available,92,12%,6,"Hospitality,Travel",,,
exemplary.engineering,available,92,5%,9,"Business,Education,Healthcare",,,
nought.engineering,available,92,4%,6,Mathematics,,,
additional.engineering,available,90,8%,10,"Fashion,Retail,Technology",,,
abortive.engineering,available,90,1%,8,"Medicine,Science",,,
addictive.engineering,available,90,9%,9,Healthcare,,,
leash.engineering,available,90,7%,5,"General,Health and Fitness,Retail",,,
riveting.engineering,available,90,6%,8,"Entertainment,Media,Technology",,,
adoring.engineering,available,90,2%,7,"Entertainment,Fashion,Retail",,,
gripping.engineering,available,90,3%,8,"Entertainment,Media,Technology",,,
actionable.engineering,available,88,13%,10,"Business,Law",,,
proficient.engineering,available,88,8%,10,"Education,Health and Fitness,Sports",,,
twelve.engineering,available,88,18%,6,"General,Mathematics",,,
adlib.engineering,available,88,7%,6,Entertainment,,,
eleven.engineering,available,88,32%,6,Mathematics,,,
three.engineering,resell,88,23%,5,Mathematics,17/07/2025 15:16,17/07/2026 15:16,Domain Science Kutatási Szolgáltató Korlátolt Felelősségű Társaság
sixteen.engineering,available,88,10%,7,Mathematics,,,
wide.engineering,available,88,18%,4,"Business,Media,Technology",,,
fifteen.engineering,available,88,13%,7,Mathematics,,,
activist.engineering,available,88,12%,8,"Humanities,Politics",,,
hundred.engineering,available,88,13%,7,Mathematics,,,
attendant.engineering,available,86,5%,9,"Healthcare,Hospitality,Transportation",,,
engrossing.engineering,available,86,0%,10,"Entertainment,Media,Technology",,,
recondite.engineering,available,86,4%,9,"Arts,Humanities,Science",,,
adolescent.engineering,available,86,3%,10,"Education,Entertainment,Healthcare",,,
xiv.engineering,available,86,12%,3,Mathematics,,,
extempore.engineering,available,86,3%,9,Entertainment,,,
xix.engineering,available,86,10%,3,Mathematics,,,
cipher.engineering,available,86,29%,6,Mathematics,,,
aboriginal.engineering,available,86,10%,10,Humanities,,,
fourteen.engineering,available,84,8%,8,Mathematics,,,
twentyone.engineering,available,84,13%,10,Mathematics,,,
twentytwo.engineering,available,84,10%,10,Mathematics,,,
thousand.engineering,available,84,8%,8,Mathematics,,,
nineteen.engineering,available,84,8%,8,Mathematics,,,
accessory.engineering,available,84,8%,9,"Fashion,Retail,Technology",,,
adjustable.engineering,available,84,3%,10,"Manufacturing,Retail,Technology",,,
sharp.engineering,available,84,34%,5,"Arts,Fashion",,,
seventeen.engineering,available,84,7%,9,Mathematics,,,
acting.engineering,available,84,12%,6,Entertainment,,,
thirteen.engineering,available,84,10%,8,Mathematics,,,
deviate.engineering,available,84,12%,7,"Medicine,Science",,,
cleansing.engineering,available,82,3%,9,Health and Fitness,,,
abenaki.engineering,available,82,2%,7,Geography,,,
decade.engineering,available,82,10%,6,Mathematics,,,
abroach.engineering,available,82,1%,7,Food and Beverage,,,
abdominal.engineering,available,82,1%,9,"Health and Fitness,Medicine",,,
dozen.engineering,available,82,10%,5,Mathematics,,,
abkhaz.engineering,available,82,1%,6,Geography,,,
enduring.engineering,available,82,9%,8,"Health and Fitness,Religion",,,
altered.engineering,available,82,9%,7,"Medicine,Science",,,
fivesome.engineering,available,82,1%,8,Sports,,,
absorbent.engineering,available,82,3%,9,"Healthcare,Manufacturing,Retail",,,
seventh.engineering,available,80,10%,7,Mathematics,,,
abundant.engineering,available,80,19%,8,"Agriculture,Manufacturing,Retail",,,
capable.engineering,available,80,12%,7,"Business,Education,Technology",,,
two.engineering,available,80,23%,3,Mathematics,,,
absolute.engineering,available,80,25%,8,"Engineering,Mathematics,Science",,,
trio.engineering,available,80,21%,4,Entertainment,,,
worshipful.engineering,available,80,1%,10,"Education,Healthcare,Religion",,,
wiz.engineering,available,80,30%,3,"Business,Education,Technology",,,
first.engineering,available,80,34%,5,"General,Mathematics",,,
twenty.engineering,available,80,12%,6,Mathematics,,,
adoptable.engineering,available,80,3%,9,"Education,Healthcare",,,
dorsal.engineering,available,80,6%,6,"Medicine,Science",,,
sequent.engineering,available,80,7%,7,"Healthcare,Insurance,Transportation",,,
yard.engineering,available,80,25%,4,"Construction,General",,,
forty.engineering,available,80,9%,5,Mathematics,,,
absorbable.engineering,available,80,0%,10,"Healthcare,Pharmaceuticals,Science",,,
accepted.engineering,available,78,6%,8,"Business,Education,Technology",,,
abounding.engineering,available,78,2%,9,Agriculture,,,
adjacent.engineering,available,78,9%,8,"Construction,Real Estate,Retail",,,
twentysix.engineering,available,78,8%,10,Mathematics,,,
athletic.engineering,available,78,15%,8,"Health and Fitness,Sports",,,
low.engineering,available,78,20%,3,"Business,Finance",,,
abkhasian.engineering,available,78,1%,9,Geography,,,
adorable.engineering,available,78,8%,8,"Entertainment,Fashion,Retail",,,
acceptable.engineering,available,78,5%,10,"Business,Hospitality,Retail",,,
absorptive.engineering,available,78,1%,10,"Healthcare,Manufacturing,Retail",,,
dormant.engineering,available,78,4%,7,"Medicine,Science",,,
abkhazian.engineering,available,78,1%,9,Geography,,,
recognised.engineering,available,78,3%,10,"Business,Education,Technology",,,
honestly.engineering,available,78,9%,8,"Business,Law",,,
sixtynine.engineering,available,78,8%,10,Mathematics,,,
recognized.engineering,available,78,3%,10,"Business,Education,Technology",,,
acceptant.engineering,available,78,1%,9,"Education,Healthcare",,,
adrenal.engineering,available,78,4%,7,"Education,Healthcare,Science",,,
auxiliary.engineering,available,76,7%,9,"Healthcare,Manufacturing,Technology",,,
fifteenth.engineering,available,76,2%,9,Mathematics,,,
addable.engineering,available,76,2%,7,"Engineering,Mathematics,Science",,,
incidental.engineering,available,76,4%,10,"Healthcare,Insurance,Transportation",,,
adherent.engineering,available,76,4%,8,"Politics,Religion",,,
thousandth.engineering,available,76,1%,10,Mathematics,,,
ancillary.engineering,available,76,6%,9,"Healthcare,Manufacturing,Technology",,,
fourteenth.engineering,available,76,2%,10,Mathematics,,,
energizing.engineering,available,76,3%,10,"Food and Beverage,Health and Fitness,Travel",,,
adhesive.engineering,available,76,7%,8,"Construction,Manufacturing,Technology",,,
improvise.engineering,available,76,4%,9,Entertainment,,,
adaptable.engineering,available,76,9%,9,"Business,Education,Technology",,,
thirteenth.engineering,available,76,3%,10,Mathematics,,,
resultant.engineering,available,76,2%,9,"Healthcare,Insurance,Transportation",,,
diamond.engineering,available,76,32%,7,Fashion,,,
acoustic.engineering,available,76,14%,8,Science,,,
eighteen.engineering,available,76,7%,8,Mathematics,,,
abrasive.engineering,available,76,6%,8,"Construction,Manufacturing",,,
ague.engineering,available,76,2%,4,"Geography,Medicine,Science",,,
obscene.engineering,available,76,5%,7,"Entertainment,Media",,,
threed.engineering,available,76,7%,7,Technology,,,
adipose.engineering,available,76,2%,7,"Healthcare,Science",,,
hundredth.engineering,available,76,1%,9,Mathematics,,,
ventral.engineering,available,76,3%,7,Science,,,
firstrate.engineering,available,76,6%,10,Business,,,
nineteenth.engineering,available,76,3%,10,Mathematics,,,
supra.engineering,available,74,25%,5,"Medicine,Science",,,
broad.engineering,available,74,13%,5,"Entertainment,General,Media",,,
realizable.engineering,available,74,1%,10,"Business,Education,Technology",,,
single.engineering,available,74,19%,6,Sports,,,
sensation.engineering,available,74,7%,9,"Entertainment,Media,Sports",,,
acuate.engineering,available,74,2%,6,"Engineering,Medicine,Science",,,
mavin.engineering,available,74,7%,5,"Entertainment,Fashion,Technology",,,
playing.engineering,available,74,12%,7,Entertainment,,,
aberrant.engineering,available,74,6%,8,"Medicine,Science",,,
cleared.engineering,available,74,7%,7,"Healthcare,Law,Transportation",,,
adapted.engineering,available,74,6%,7,"Healthcare,Manufacturing,Technology",,,
admirable.engineering,available,74,5%,9,"Business,Education,Healthcare",,,
achievable.engineering,available,74,4%,10,"Business,Education,Technology",,,
activated.engineering,available,74,9%,9,"Healthcare,Manufacturing,Technology",,,
manageable.engineering,available,74,4%,10,"Business,Education,Technology",,,
adenoid.engineering,available,74,1%,7,"Health and Fitness,Medicine,Science",,,
skilful.engineering,available,74,3%,7,"Education,Health and Fitness,Sports",,,
abnormal.engineering,available,74,16%,8,"Medicine,Science",,,
adrenergic.engineering,available,74,1%,10,"Education,Healthcare,Science",,,
accepting.engineering,available,74,3%,9,"Education,Healthcare",,,
ninetieth.engineering,available,72,1%,9,Mathematics,,,
eightieth.engineering,available,72,1%,9,Mathematics,,,
sixtieth.engineering,available,72,1%,8,Mathematics,,,
deep.engineering,resell,72,41%,4,"Engineering,Mathematics,Science",17/08/2024 17:02,17/08/2026 17:02,"Sav.com, LLC"
adjectival.engineering,available,72,1%,10,Education,,,
existent.engineering,available,72,3%,8,"Mathematics,Science",,,
adjunctive.engineering,available,72,1%,10,"Healthcare,Manufacturing,Technology",,,
trinity.engineering,available,72,18%,7,Religion,,,
accustomed.engineering,available,72,1%,10,"Business,Education,Humanities",,,
improvize.engineering,available,72,1%,9,Entertainment,,,
liv.engineering,available,72,28%,3,Mathematics,,,
absolutist.engineering,available,72,1%,10,"Humanities,Law,Politics",,,
adiabatic.engineering,available,72,3%,9,"Engineering,Science",,,
abreast.engineering,available,72,2%,7,"Business,Technology",,,
aching.engineering,available,72,4%,6,Healthcare,,,
seventieth.engineering,available,72,1%,10,Mathematics,,,
addicted.engineering,available,72,9%,8,Healthcare,,,
ternary.engineering,available,72,7%,7,Mathematics,,,
abloom.engineering,available,72,5%,6,Agriculture,,,
engrossed.engineering,available,72,1%,9,"Entertainment,Media,Technology",,,
champion.engineering,available,72,28%,8,"Entertainment,Health and Fitness,Sports",,,
absorbed.engineering,available,72,2%,8,"Entertainment,Media,Technology",,,
ablaze.engineering,available,72,6%,6,Entertainment,,,
adonic.engineering,available,72,2%,6,"Arts,Education,Entertainment",,,
accusative.engineering,available,72,0%,10,"Humanities,Law",,,
adaptative.engineering,available,72,1%,10,"Business,Education,Technology",,,
practiced.engineering,available,70,3%,9,"Education,Health and Fitness,Sports",,,
skillful.engineering,available,70,9%,8,"Education,Health and Fitness,Sports",,,
gymnastic.engineering,available,70,3%,9,"Entertainment,Sports",,,
offhand.engineering,available,70,2%,7,Entertainment,,,
abradant.engineering,available,70,1%,8,"Construction,Manufacturing",,,
accumbent.engineering,available,70,1%,9,"Healthcare,Medicine,Science",,,
lowdown.engineering,available,70,6%,8,"Entertainment,Media",,,
admired.engineering,available,70,5%,7,"Business,Education,Healthcare",,,
adored.engineering,available,70,6%,6,"Entertainment,Fashion,Retail",,,
absorbing.engineering,available,70,3%,9,"Entertainment,Media,Technology",,,
adjusted.engineering,available,70,5%,8,"Manufacturing,Retail,Technology",,,
acuminate.engineering,available,70,1%,9,"Engineering,Medicine,Science",,,
consequent.engineering,available,70,3%,10,"Business,Education,General,Technology",,,
abulic.engineering,available,70,1%,6,Medicine,,,
stillborn.engineering,available,70,2%,9,"Medicine,Science",,,
unity.engineering,available,70,38%,5,Mathematics,,,
miserable.engineering,available,70,4%,9,Humanities,,,
recumbent.engineering,available,70,2%,9,"Healthcare,Medicine,Science",,,
adamantine.engineering,available,70,4%,10,Religion,,,
tiptop.engineering,available,70,24%,6,Fashion,,,
ennead.engineering,available,68,5%,6,Mathematics,,,
disciple.engineering,available,68,14%,8,"Education,Religion",,,
acerate.engineering,available,68,1%,7,Science,,,
accredited.engineering,available,68,9%,10,"Business,Education,Healthcare",,,
thirtieth.engineering,available,68,1%,9,Mathematics,,,
ablative.engineering,available,68,3%,8,Science,,,
fiftieth.engineering,available,68,1%,8,Mathematics,,,
aberdonian.engineering,available,68,1%,10,Geography,,,
decorated.engineering,available,68,3%,9,"Entertainment,Fashion,Retail",,,
abducent.engineering,available,68,0%,8,Medicine,,,
foursome.engineering,available,68,4%,8,Sports,,,
septenary.engineering,available,68,2%,9,Mathematics,,,
licenced.engineering,available,68,2%,8,"Business,Healthcare,Insurance",,,
threesome.engineering,available,68,5%,9,Entertainment,,,
activating.engineering,available,68,3%,10,"Healthcare,Manufacturing,Technology",,,
fortieth.engineering,available,68,1%,8,Mathematics,,,
vindicated.engineering,available,68,2%,10,"Humanities,Law,Politics",,,
sevener.engineering,available,68,1%,7,Mathematics,,,
aroused.engineering,available,68,3%,7,"Entertainment,Health and Fitness",,,
octonary.engineering,available,68,1%,8,Mathematics,,,
abkhas.engineering,available,68,0%,6,Geography,,,
overseas.engineering,available,68,12%,8,"Hospitality,Travel",,,
achaian.engineering,available,68,2%,7,Humanities,,,
ane.engineering,available,68,12%,3,Mathematics,,,
stygian.engineering,available,68,5%,7,Humanities,,,
aculeate.engineering,available,68,1%,8,"Engineering,Medicine,Science",,,
achaean.engineering,available,68,2%,7,Humanities,,,
abnaki.engineering,available,68,1%,6,Geography,,,
scurvy.engineering,available,68,3%,6,Humanities,,,
licensed.engineering,available,68,5%,8,"Business,Healthcare,Insurance",,,
latest.engineering,available,66,18%,6,Technology,,,
sextet.engineering,available,66,2%,6,Entertainment,,,
xviii.engineering,available,66,4%,5,Mathematics,,,
teenager.engineering,available,66,4%,8,"Education,Entertainment,Healthcare",,,
century.engineering,available,66,17%,7,Education,,,
acrobatic.engineering,available,66,4%,9,"Entertainment,Sports",,,
deuce.engineering,available,66,8%,5,Sports,,,
xxvi.engineering,available,66,3%,4,Mathematics,,,
exonerated.engineering,available,66,2%,10,"Humanities,Law,Politics",,,
adopted.engineering,available,66,4%,7,"Education,Healthcare",,,
modish.engineering,available,66,5%,6,Fashion,,,
six.engineering,available,66,26%,3,Mathematics,,,
four.engineering,available,66,27%,4,Mathematics,,,
xiii.engineering,available,66,9%,4,Mathematics,,,
thirty.engineering,available,66,7%,6,Mathematics,,,
accessary.engineering,available,66,1%,9,"Business,Law,Technology",,,
abstinent.engineering,available,66,1%,9,"Health and Fitness,Religion",,,
ninety.engineering,available,66,11%,6,Mathematics,,,
xvi.engineering,available,66,4%,3,Mathematics,,,
five.engineering,available,66,26%,4,Mathematics,,,
clv.engineering,available,66,10%,3,Mathematics,,,
xxv.engineering,available,66,6%,3,Mathematics,,,
adorned.engineering,available,66,5%,7,"Entertainment,Fashion,Retail",,,
tenner.engineering,available,66,4%,6,Finance,,,
acervate.engineering,available,66,1%,8,Science,,,
buzzing.engineering,available,66,7%,7,"Entertainment,Media,Technology",,,
acappella.engineering,available,66,6%,10,Entertainment,,,
xxi.engineering,available,66,10%,3,Mathematics,,,
xvii.engineering,available,66,5%,4,Mathematics,,,
according.engineering,available,66,3%,9,"Business,Education,Technology",,,
onec.engineering,available,66,6%,5,Mathematics,,,
xii.engineering,available,66,10%,3,Mathematics,,,
fifty.engineering,available,66,13%,5,Mathematics,,,
eighty.engineering,available,66,6%,6,Mathematics,,,
xxii.engineering,available,66,6%,4,Mathematics,,,
deviant.engineering,available,64,12%,7,"Medicine,Science",,,
astringent.engineering,available,64,1%,10,"Healthcare,Pharmaceuticals",,,
scatty.engineering,available,64,1%,6,"Arts,Entertainment,Media",,,
absolved.engineering,available,64,1%,8,"Humanities,Law,Religion",,,
nondrinker.engineering,available,64,1%,10,"Health and Fitness,Religion",,,
aflame.engineering,available,64,3%,6,Entertainment,,,
rising.engineering,available,64,18%,6,"Construction,Manufacturing,Real Estate",,,
acentric.engineering,available,64,2%,8,Science,,,
adagio.engineering,available,64,14%,6,Entertainment,,,
accordant.engineering,available,64,3%,9,"Arts,Entertainment",,,
wrapped.engineering,available,62,13%,7,"Fashion,Hospitality,Retail",,,
exculpated.engineering,available,62,1%,10,"Humanities,Law,Politics",,,
abo.engineering,available,62,15%,3,Science,,,
aborigine.engineering,available,62,1%,9,Humanities,,,
acidic.engineering,available,62,5%,6,"Food and Beverage,Science",,,
admissible.engineering,available,62,1%,10,"Education,Healthcare,Law",,,
activation.engineering,available,62,16%,10,"Healthcare,Manufacturing,Technology",,,
nail.engineering,available,62,16%,4,"Construction,Fashion,General,Retail",,,
aufait.engineering,available,62,3%,7,"Fashion,Media",,,
adoptive.engineering,available,62,1%,8,"Education,Healthcare",,,
quartet.engineering,available,62,7%,7,"Arts,Entertainment",,,
longdozen.engineering,available,62,1%,10,Mathematics,,,
roughly.engineering,available,62,3%,7,"Business,Media,Technology",,,
ensuant.engineering,available,62,1%,7,"Healthcare,Insurance,Transportation",,,
accrued.engineering,available,62,2%,7,"Banking,Finance,Insurance",,,
accusing.engineering,available,62,1%,8,Law,,,
adjuvant.engineering,available,62,5%,8,"Healthcare,Manufacturing,Technology",,,
activistic.engineering,available,62,1%,10,"Humanities,Politics",,,
troika.engineering,available,62,8%,6,Politics,,,
chiliad.engineering,available,62,2%,7,Mathematics,,,
eleventh.engineering,available,62,5%,8,Mathematics,,,
pungent.engineering,available,62,1%,7,Food and Beverage,,,
orso.engineering,available,62,9%,5,"Business,Media,Technology",,,
twodozen.engineering,available,62,1%,9,Mathematics,,,
eighteenth.engineering,available,62,1%,10,Mathematics,,,
playacting.engineering,available,62,1%,10,Entertainment,,,
fortyfour.engineering,available,62,6%,10,Mathematics,,,
cumulative.engineering,available,62,2%,10,"Banking,Finance,Insurance",,,
sixteenth.engineering,available,62,1%,9,Mathematics,,,
sixty.engineering,available,60,13%,5,Mathematics,,,
cxxv.engineering,available,60,1%,4,Mathematics,,,
paunchy.engineering,available,60,0%,7,"Health and Fitness,Medicine",,,
cxxxv.engineering,available,60,1%,5,Mathematics,,,
abstemious.engineering,available,60,0%,10,"Food and Beverage,Health and Fitness,Hospitality",,,
idolised.engineering,available,60,1%,8,"Entertainment,Fashion,Retail",,,
thou.engineering,available,60,7%,4,Mathematics,,,
tertiary.engineering,available,60,4%,8,Education,,,
cxx.engineering,available,60,9%,3,Mathematics,,,
adnate.engineering,available,60,1%,6,"Agriculture,Manufacturing,Retail",,,
octet.engineering,available,60,12%,5,Arts,,,
clx.engineering,available,60,8%,3,Mathematics,,,
aboveboard.engineering,available,60,5%,10,"Business,Law",,,
clxv.engineering,available,60,1%,4,Mathematics,,,
acceptive.engineering,available,60,1%,9,"Education,Healthcare",,,
cxv.engineering,available,60,4%,3,Mathematics,,,
cxl.engineering,available,60,7%,3,Mathematics,,,
adnexal.engineering,available,60,1%,7,"Agriculture,Manufacturing,Retail",,,
eightysix.engineering,available,60,7%,10,Mathematics,,,
cxxx.engineering,available,60,3%,4,Mathematics,,,
abashed.engineering,available,60,1%,7,Humanities,,,
abstainer.engineering,available,60,0%,9,"Health and Fitness,Religion",,,
idolized.engineering,available,60,3%,8,"Entertainment,Fashion,Retail",,,
clxxv.engineering,available,60,1%,5,Mathematics,,,
annexal.engineering,available,60,1%,7,"Agriculture,Manufacturing,Retail",,,
clxx.engineering,available,60,2%,4,Mathematics,,,
cxlv.engineering,available,60,2%,4,Mathematics,,,
cautionary.engineering,available,60,1%,10,"Business,Education,Healthcare",,,
clxxx.engineering,available,60,1%,5,Mathematics,,,
xcl.engineering,available,60,5%,3,Mathematics,,,
tercet.engineering,available,59,2%,6,"Arts,Entertainment,Media",,,
fourscore.engineering,available,58,4%,9,Mathematics,,,
adjustive.engineering,available,58,1%,9,"Manufacturing,Retail,Technology",,,
acetic.engineering,available,58,1%,6,"Food and Beverage,Science",,,
sixer.engineering,available,58,5%,5,Sports,,,
quintet.engineering,available,58,8%,7,"Arts,Entertainment",,,
accoutred.engineering,available,58,1%,9,"Fashion,Manufacturing,Retail",,,
aucourant.engineering,available,58,3%,10,"Fashion,Media",,,
actuarial.engineering,available,58,8%,9,"Finance,Insurance,Mathematics",,,
enwrapped.engineering,available,58,0%,9,"Entertainment,Fashion,Media",,,
seventy.engineering,available,58,7%,7,Mathematics,,,
abridged.engineering,available,58,4%,8,Media,,,
lxxx.engineering,available,58,2%,4,Mathematics,,,
adhoc.engineering,resell,58,24%,6,"Business,Engineering,Technology",13/08/2025 15:15,13/08/2026 15:15,Domain Science Kutatási Szolgáltató Korlátolt Felelősségű Társaság
pentad.engineering,available,58,3%,6,Mathematics,,,
accented.engineering,available,58,3%,8,"Arts,Entertainment",,,
offhanded.engineering,available,58,1%,9,Entertainment,,,
seven.engineering,available,58,35%,5,Mathematics,,,
eighter.engineering,available,58,2%,7,Mathematics,,,
abuzz.engineering,available,58,5%,5,"Entertainment,Media,Technology",,,
acyclic.engineering,available,58,4%,7,"Engineering,Mathematics,Science",,,
abandoned.engineering,available,58,10%,9,"Construction,Real Estate",,,
alacarte.engineering,available,58,11%,10,Food and Beverage,,,
abused.engineering,available,58,5%,6,"Healthcare,Law",,,
sextuplet.engineering,available,58,1%,9,Healthcare,,,
ache.engineering,available,58,7%,4,Healthcare,,,
octad.engineering,available,58,5%,5,Mathematics,,,
centesimal.engineering,available,58,1%,10,Mathematics,,,
niner.engineering,available,58,5%,5,Mathematics,,,
adient.engineering,available,58,4%,6,"Medicine,Science",,,
hexad.engineering,available,58,5%,5,Mathematics,,,
twelfth.engineering,available,58,2%,7,Mathematics,,,
justabout.engineering,available,58,3%,10,"Business,Media,Technology",,,
addressed.engineering,available,58,3%,9,"Business,Technology,Telecommunications",,,
tetrad.engineering,available,58,5%,6,Mathematics,,,
super.engineering,available,58,47%,5,Business,,,
cypher.engineering,available,58,28%,6,Mathematics,,,
closeto.engineering,available,58,3%,8,"Business,Media,Technology",,,
addible.engineering,available,58,2%,7,"Engineering,Mathematics,Science",,,
heptad.engineering,available,58,2%,6,Mathematics,,,
fifth.engineering,available,58,12%,5,Mathematics,,,
lxxviii.engineering,available,58,1%,7,Mathematics,,,
sixtyone.engineering,available,58,5%,9,Mathematics,,,
accretive.engineering,available,58,6%,9,"Banking,Finance,Insurance",,,
admittable.engineering,available,56,1%,10,"Education,Healthcare,Hospitality",,,
xxxiii.engineering,available,56,2%,6,Mathematics,,,
xlv.engineering,available,56,6%,3,Mathematics,,,
xxxi.engineering,available,56,8%,4,Mathematics,,,
fortytwo.engineering,available,56,17%,9,Mathematics,,,
fiftyfour.engineering,available,56,4%,10,Mathematics,,,
lviii.engineering,available,56,1%,5,Mathematics,,,
xxviii.engineering,available,56,1%,6,Mathematics,,,
potbellied.engineering,available,56,0%,10,"Health and Fitness,Medicine",,,
xxxii.engineering,available,56,1%,5,Mathematics,,,
thirtysix.engineering,available,56,5%,10,Mathematics,,,
fiftynine.engineering,available,56,4%,10,Mathematics,,,
fiftytwo.engineering,available,56,6%,9,Mathematics,,,
thirtyone.engineering,available,56,4%,10,Mathematics,,,
aone.engineering,expiring,56,15%,5,Food and Beverage,07/09/2022 12:50,07/09/2025 12:50,Squarespace Domains II LLC
xliii.engineering,available,56,1%,5,Mathematics,,,
fortynine.engineering,available,56,3%,10,Mathematics,,,
xlviii.engineering,available,56,1%,6,Mathematics,,,
xxiii.engineering,available,56,4%,5,Mathematics,,,
thirtytwo.engineering,available,56,4%,10,Mathematics,,,
admissive.engineering,available,56,1%,9,"Education,Healthcare,Hospitality",,,
lvii.engineering,available,56,2%,4,Mathematics,,,
xlvi.engineering,available,56,3%,4,Mathematics,,,
xxix.engineering,available,56,4%,4,Mathematics,,,
abdominous.engineering,available,56,0%,10,"Health and Fitness,Medicine",,,
fiftyfive.engineering,available,56,8%,10,Mathematics,,,
fortysix.engineering,available,56,4%,9,Mathematics,,,
xxxviii.engineering,available,56,1%,7,Mathematics,,,
xxvii.engineering,available,56,3%,5,Mathematics,,,
halfdozen.engineering,available,56,1%,10,Mathematics,,,
accoutered.engineering,available,56,0%,10,"Fashion,Manufacturing,Retail",,,
lvi.engineering,available,56,8%,3,Mathematics,,,
appressed.engineering,available,56,0%,9,"Agriculture,Manufacturing,Retail",,,
fiftyone.engineering,available,56,8%,9,Mathematics,,,
xxiv.engineering,available,56,5%,4,Mathematics,,,
addled.engineering,available,56,2%,6,Entertainment,,,
maledict.engineering,available,56,1%,8,Religion,,,
xxxvi.engineering,available,56,1%,5,Mathematics,,,
terzetto.engineering,available,56,3%,8,Arts,,,
xxxvii.engineering,available,56,2%,6,Mathematics,,,
xxxv.engineering,available,56,4%,4,Mathematics,,,
admittible.engineering,available,56,1%,10,"Education,Healthcare,Hospitality",,,
abeyant.engineering,available,56,1%,7,"Business,Law",,,
xlii.engineering,available,56,5%,4,Mathematics,,,
liii.engineering,available,56,4%,4,Mathematics,,,
xxxiv.engineering,available,56,1%,5,Mathematics,,,
xlvii.engineering,available,56,2%,5,Mathematics,,,
xliv.engineering,available,56,3%,4,Mathematics,,,
lii.engineering,available,56,7%,3,Mathematics,,,
fortyone.engineering,available,56,5%,9,Mathematics,,,
xli.engineering,available,56,5%,3,Mathematics,,,
fiftysix.engineering,available,56,4%,9,Mathematics,,,
triad.engineering,available,56,15%,5,Arts,,,
ilx.engineering,available,56,6%,3,Mathematics,,,
sise.engineering,available,54,5%,4,Mathematics,,,
achy.engineering,available,54,3%,4,Healthcare,,,
quadruplet.engineering,available,54,1%,10,"Healthcare,Medicine,Science",,,
quaternion.engineering,available,54,6%,10,Mathematics,,,
abatable.engineering,available,54,1%,8,Law,,,
vii.engineering,available,54,13%,3,Mathematics,,,
adjuratory.engineering,available,54,0%,10,"Law,Politics,Religion",,,
fortyfive.engineering,available,54,5%,10,Mathematics,,,
iii.engineering,available,54,24%,3,Mathematics,,,
unnatural.engineering,available,54,4%,9,"Medicine,Science",,,
adducting.engineering,available,54,1%,9,"Engineering,Mathematics,Science",,,
actuated.engineering,available,54,2%,8,"Automotive,Manufacturing,Technology",,,
twoscore.engineering,available,54,2%,8,Mathematics,,,
adductive.engineering,available,54,0%,9,"Engineering,Mathematics,Science",,,
adducent.engineering,available,54,1%,8,"Engineering,Mathematics,Science",,,
abatic.engineering,available,54,1%,6,Science,,,
adaxial.engineering,available,54,2%,7,Science,,,
viii.engineering,available,54,6%,4,Mathematics,,,
quintuplet.engineering,available,54,1%,10,"Healthcare,Medicine,Science",,,
abhorrent.engineering,available,54,1%,9,Humanities,,,
quaternity.engineering,available,54,4%,10,Mathematics,,,
abaxial.engineering,available,54,1%,7,Science,,,
acoustical.engineering,resell,54,4%,10,Science,12/08/2015 19:33,12/08/2026 19:33,"GoDaddy.com, LLC"
ternion.engineering,available,54,3%,7,Mathematics,,,
scratchy.engineering,available,54,3%,8,Fashion,,,
aboral.engineering,available,54,2%,6,Science,,,
accentual.engineering,available,54,3%,9,"Arts,Entertainment",,,
abasic.engineering,available,54,1%,6,Science,,,
accursed.engineering,available,54,3%,8,"Entertainment,Media,Religion",,,
deserted.engineering,available,54,3%,8,"Hospitality,Real Estate",,,
quatern.engineering,available,54,2%,7,Mathematics,,,
fin.engineering,expired,54,30%,3,Finance,27/06/2024 17:00,27/06/2025 17:00,Domain Science Kutatási Szolgáltató Korlátolt Felelősségű Társaság
monitory.engineering,available,54,3%,8,"Business,Education,Healthcare",,,
threescore.engineering,available,54,2%,10,Mathematics,,,
deuceace.engineering,available,54,1%,9,Sports,,,
achromatic.engineering,available,54,4%,10,Science,,,
abient.engineering,available,54,1%,6,Science,,,
admonitory.engineering,available,54,0%,10,"Business,Education,Healthcare",,,
adpressed.engineering,available,54,0%,9,"Agriculture,Manufacturing,Retail",,,
abducens.engineering,available,54,1%,8,Medicine,,,
xxx.engineering,available,53,30%,3,"Arts,Entertainment,Media",,,
septet.engineering,available,53,1%,6,General,,,
sestet.engineering,available,53,1%,6,Arts,,,
xcviii.engineering,available,52,1%,6,Mathematics,,,
lxxii.engineering,available,52,1%,5,Mathematics,,,
lxxi.engineering,available,52,2%,4,Mathematics,,,
lxxiii.engineering,available,52,2%,6,Mathematics,,,
lxxvi.engineering,available,52,1%,5,Mathematics,,,
ninetytwo.engineering,available,52,4%,10,Mathematics,,,
aboulic.engineering,available,52,1%,7,Medicine,,,
lxxxv.engineering,available,52,1%,5,Mathematics,,,
eightyone.engineering,available,52,3%,10,Mathematics,,,
chagrined.engineering,available,52,1%,9,Humanities,,,
lxxxiv.engineering,available,52,1%,6,Mathematics,,,
lxv.engineering,available,52,5%,3,Mathematics,,,
lxxxiii.engineering,available,52,1%,7,Mathematics,,,
repugnant.engineering,available,52,1%,9,Humanities,,,
xcvi.engineering,available,52,2%,4,Mathematics,,,
lxxvii.engineering,available,52,2%,6,Mathematics,,,
ixl.engineering,available,52,9%,3,Mathematics,,,
xcii.engineering,available,52,2%,4,Mathematics,,,
xciv.engineering,available,52,2%,4,Mathematics,,,
sixtyfive.engineering,available,52,3%,10,Mathematics,,,
uphill.engineering,available,52,7%,6,"Sports,Transportation,Travel",,,
lxviii.engineering,available,52,2%,6,Mathematics,,,
lxxv.engineering,available,52,2%,4,Mathematics,,,
ninetysix.engineering,available,52,4%,10,Mathematics,,,
sixtyfour.engineering,available,52,4%,10,Mathematics,,,
lxi.engineering,available,52,5%,3,Mathematics,,,
lxvi.engineering,available,52,3%,4,Mathematics,,,
lxiv.engineering,available,52,3%,4,Mathematics,,,
xci.engineering,available,52,4%,3,Mathematics,,,
lxxxvi.engineering,available,52,1%,6,Mathematics,,,
xcvii.engineering,available,52,1%,5,Mathematics,,,
abstruse.engineering,available,52,5%,8,"Humanities,Mathematics,Science",,,
ablated.engineering,available,52,1%,7,Science,,,
sixtysix.engineering,available,52,5%,9,Mathematics,,,
tierce.engineering,available,52,3%,6,General,,,
abysmal.engineering,available,52,4%,7,"Arts,Entertainment,Media",,,
sixtytwo.engineering,available,52,3%,9,Mathematics,,,
abominable.engineering,available,52,2%,10,"Entertainment,Humanities",,,
lxxiv.engineering,available,52,1%,5,Mathematics,,,
adenoidal.engineering,available,52,1%,9,"Health and Fitness,Medicine,Science",,,
ixc.engineering,available,52,5%,3,Mathematics,,,
detestable.engineering,available,52,1%,10,Humanities,,,
lxxxi.engineering,available,52,1%,5,Mathematics,,,
lxiii.engineering,available,52,2%,5,Mathematics,,,
xcv.engineering,available,52,7%,3,Mathematics,,,
xciii.engineering,available,52,1%,5,Mathematics,,,
odious.engineering,available,52,2%,6,"Entertainment,Humanities",,,
lxvii.engineering,available,52,1%,5,Mathematics,,,
lxii.engineering,available,52,2%,4,Mathematics,,,
eightytwo.engineering,available,52,4%,10,Mathematics,,,
ninetyone.engineering,available,52,5%,10,Mathematics,,,
decumbent.engineering,available,52,1%,9,"Healthcare,Medicine,Science",,,
repulsive.engineering,available,52,1%,9,Humanities,,,
lxxxvii.engineering,available,52,1%,7,Mathematics,,,
abusive.engineering,available,52,3%,7,"Healthcare,Law",,,
lxxxii.engineering,available,52,1%,6,Mathematics,,,
littlejoe.engineering,available,52,2%,10,"Entertainment,Media",,,
acaudal.engineering,available,50,1%,7,"Agriculture,Science",,,
acerose.engineering,available,50,1%,7,Science,,,
acquitted.engineering,available,50,1%,9,Law,,,
ogdoad.engineering,available,50,1%,6,Mathematics,,,
aculeated.engineering,available,50,0%,9,"Engineering,Medicine,Science",,,
quint.engineering,available,50,13%,5,"Arts,Entertainment",,,
triplet.engineering,available,50,8%,7,Science,,,
abbatial.engineering,available,50,0%,8,Religion,,,
acapnotic.engineering,available,50,0%,9,"Healthcare,Medicine,Science",,,
abomasal.engineering,available,50,0%,8,Agriculture,,,
acapnic.engineering,available,50,0%,7,"Healthcare,Medicine,Science",,,
acerb.engineering,available,50,2%,5,Science,,,
acerbic.engineering,available,50,2%,7,"Arts,Humanities,Media",,,
acetous.engineering,available,50,1%,7,Science,,,
abactinal.engineering,available,50,0%,9,Science,,,
aborticide.engineering,available,50,0%,10,Medicine,,,
adactylous.engineering,available,50,0%,10,Science,,,
scummy.engineering,available,50,1%,6,Humanities,,,
cinque.engineering,available,50,7%,6,Mathematics,,,
gillless.engineering,available,50,0%,9,Science,,,
lxx.engineering,available,50,5%,3,Mathematics,,,
spinous.engineering,available,50,1%,7,"Agriculture,Science",,,
vinegary.engineering,available,50,1%,8,Food and Beverage,,,
needlelike.engineering,available,50,0%,10,"Engineering,Medicine,Science",,,
abdicable.engineering,available,50,0%,9,Law,,,
acellular.engineering,available,50,1%,9,Science,,,
abducting.engineering,available,50,0%,9,Medicine,,,
trine.engineering,available,50,11%,5,"General,Religion",,,
acetose.engineering,available,50,1%,7,Science,,,
adhominem.engineering,available,50,2%,10,"Humanities,Law,Politics",,,
abranchial.engineering,available,50,0%,10,Science,,,
broached.engineering,available,50,0%,8,Food and Beverage,,,
notguilty.engineering,available,48,5%,10,Law,,,
lxxxviii.engineering,available,48,1%,8,Mathematics,,,
ilxx.engineering,available,48,1%,4,Mathematics,,,
ilxxx.engineering,available,48,1%,5,Mathematics,,,
execrable.engineering,available,48,0%,9,"Entertainment,Humanities",,,
abyssal.engineering,available,48,12%,7,"Arts,Entertainment,Media",,,
abstracted.engineering,available,48,5%,10,"Arts,Humanities,Science",,,
apriori.engineering,available,48,13%,8,Mathematics,,,
acanthotic.engineering,available,46,0%,10,"Agriculture,Science",,,
achromous.engineering,available,46,1%,9,Science,,,
acaudate.engineering,available,46,1%,8,"Agriculture,Science",,,
acapnial.engineering,available,46,0%,8,"Healthcare,Medicine,Science",,,
acicular.engineering,available,46,2%,8,Science,,,
acephalous.engineering,available,46,1%,10,Science,,,
stripling.engineering,available,46,2%,9,"Education,Entertainment,Healthcare",,,
acetonic.engineering,available,46,1%,8,Science,,,
stemless.engineering,available,46,2%,8,"Agriculture,Science",,,
acheronian.engineering,available,46,1%,10,Humanities,,,
achenial.engineering,available,46,1%,8,Science,,,
vinegarish.engineering,available,46,1%,10,Food and Beverage,,,
quaternary.engineering,available,46,3%,10,Mathematics,,,
acetylenic.engineering,available,46,1%,10,Science,,,
acetabular.engineering,available,46,1%,10,Science,,,
acarpelous.engineering,available,46,0%,10,"Agriculture,Science",,,
theabsurd.engineering,available,46,1%,10,"Arts,Entertainment,Media",,,
acanthous.engineering,available,46,0%,9,"Agriculture,Science",,,
achromic.engineering,available,46,2%,8,Science,,,
acanthoid.engineering,available,46,1%,9,"Agriculture,Science",,,
cotyloid.engineering,available,46,1%,8,Science,,,
acarpous.engineering,available,46,0%,8,"Agriculture,Science",,,
acetylic.engineering,available,46,1%,8,Science,,,
cotyloidal.engineering,available,44,1%,10,Science,,,
acherontic.engineering,available,44,1%,10,Humanities,,,
accusatory.engineering,available,44,1%,10,Law,,,
abscessed.engineering,available,41,0%,9,Healthcare,,,
phoebe.engineering,available,41,14%,6,Science,,,
accusive.engineering,available,40,1%,8,Law,,,
scurrilous.engineering,available,40,1%,10,"Entertainment,Media,Politics",,,
accurst.engineering,available,40,1%,7,Religion,,,